Text,Sentiment,Timestamp,User,Platform,Hashtags,Retweets,Likes,Country,Year,Month,Day,Hour
 Just finished an amazing workout! ðŸ’ª               , Positive  ,15-01-2023 15:45, FitnessFan   , Instagram , #Fitness #Workout                        ,20,40, USA        ,2023,1,15,15
 Trying out a new recipe for dinner tonight.        , Neutral   ,15-01-2023 19:55, ChefCook     , Instagram , #Cooking #Food                           ,12,25, Australia ,2023,1,15,19
 The new movie release is a must-watch!             , Positive  ,16-01-2023 19:30, MovieBuff    , Instagram , #MovieNight #MustWatch                  ,15,30, USA    ,2023,1,16,19
 Just published a new blog post. Check it out!      , Positive  ,17-01-2023 15:15, BloggerX     , Instagram , #Blogging #NewPost                      ,22,45,USA,2023,1,17,15
" New year, new fitness goals! ðŸ’ª                    ", Positive  ,18-01-2023 18:00, FitJourney   , Instagram , #NewYear #FitnessGoals                  ,28,55, USA        ,2023,1,18,18
 Just adopted a cute furry friend! ðŸ¾              , Positive  ,19-01-2023 17:10, PetAdopter   , Instagram , #PetAdoption #FurryFriend               ,15,30, Canada    ,2023,1,19,17
 Winter blues got me feeling low.                   , Negative  ,20-01-2023 15:15, WinterBlues  , Instagram , #WinterBlues #Mood                      ,8,15, USA       ,2023,1,20,15
 Productive day ticking off my to-do list.          , Positive  ,21-01-2023 16:45, ProductivityPro, Instagram , #Productivity #WorkFromHome           ,30,60, USA ,2023,1,21,16
 Sunday brunch with friends.                        , Positive  ,22-01-2023 12:00, BrunchBuddy  , Instagram , #Brunch #Friends                       ,15,30, UK ,2023,1,22,12
 Quiet evening with a good book.                    , Positive  ,23-01-2023 19:45, BookLover    , Instagram , #Reading #QuietTime                     ,15,30, Australia ,2023,1,23,19
 Weekend road trip to explore scenic views.         , Positive  ,24-01-2023 17:30, RoadTripper  , Instagram , #RoadTrip #ScenicViews                  ,18,35, UK        ,2023,1,24,17
 Feeling inspired after attending a workshop.       , Positive  ,26-01-2023 09:45, WorkshopAttendee, Instagram , #Inspiration #Workshop                  ,25,50,USA,2023,1,26,9
 Attending a live music concert tonight.            , Positive  ,27-01-2023 20:00, MusicLover   , Instagram , #Music #ConcertNight                  ,18,35, USA ,2023,1,27,20
 Excited about the upcoming gaming tournament.      , Positive  ,28-01-2023 09:00, GamingEnthusiast, Instagram , #Gaming #Tournament                     ,30,60,USA,2023,1,28,9
 Feeling accomplished after a productive day.       , Positive  ,29-01-2023 17:00, ProductivityWin, Instagram , #Accomplished #Success               ,22,45, India ,2023,1,29,17
 New book release from my favorite author!          , Positive  ,30-01-2023 15:45, BookwormX    , Instagram , #BookRelease #FavoriteAuthor           ,12,25, UK   ,2023,1,30,15
 Cooking a special dinner for loved ones.           , Positive  ,31-01-2023 19:00, ChefAtHome   , Instagram , #Cooking #SpecialDinner                ,20,40, USA       ,2023,1,31,19
 Sunday bike ride through scenic trails.           , Positive  ,01-02-2023 13:30, BikeExplorer  , Instagram , #BikeRide #ScenicTrails                ,18,35, USA     ,2023,2,1,13
 Feeling a sense of fear after watching a thriller movie. , Fear         ,11-02-2023 21:15, ThrillerFan     , Instagram , #Fear #ThrillerMovie                         ,15,30, USA          ,2023,2,11,21
 Pure happiness: celebrating a loved one's achievement! , Happiness    ,13-02-2023 10:00, ProudFriend     , Instagram , #Happiness #Celebration                   ,30,60, USA ,2023,2,13,10
 An amusing incident brightened up my day!               , Amusement    ,14-02-2023 14:20, AmusedSoul      , Instagram , #Amusement #FunTimes                         ,18,35, UK           ,2023,2,14,14
 Sending affectionate vibes to all my followers!          , Affection    ,15-02-2023 16:00, AffectionSender , Instagram , #Affection #PositiveVibes                   ,15,30,USA,2023,2,15,16
 A surprise gift from a friend made my day!              , Surprise     ,16-02-2023 14:45, HappySurprise   , Instagram , #Surprise #Gift                              ,25,50, USA          ,2023,2,16,14
 Anticipating a thrilling adventure in the coming weeks. , Anticipation ,17-02-2023 07:30, AdventureAwaits  , Instagram , #Anticipation #Adventure                    ,20,40,USA,2023,2,17,7
 Confusion clouds my mind as I navigate through decisions., Confusion    ,18-02-2023 14:20, ConfusedMind    , Instagram , #Confusion #DecisionMaking                 ,25,50, UK   ,2023,2,18,14
 Pride in achieving a personal milestone.               , Pride        ,19-02-2023 16:00, PersonalAchiever, Instagram , #Pride #Milestone                           ,30,60, Australia    ,2023,2,19,16
 The fear of the unknown is keeping me up at night.    , Fear         ,20-02-2023 21:15, FearfulDreamer  , Instagram , #Fear #Unknown                               ,15,30, USA          ,2023,2,20,21
 Overflowing happiness: welcoming a new family member!  , Happiness    ,22-02-2023 10:00, NewParentJoy    , Instagram , #Happiness #NewFamilyMember                 ,30,60, UK           ,2023,2,22,10
 Amused by the antics of my petâ€”it's pure amusement!      , Amusement    ,23-02-2023 14:20, PetAmuser       , Instagram , #Amusement #PetAntics                       ,18,35, UK           ,2023,2,23,14
 Sending affectionate vibes to friends and family.        , Affection    ,24-02-2023 16:00, FamilyLover     , Instagram , #Affection #FamilyLove                      ,15,30,USA,2023,2,24,16
 A surprise visit from an old friend brought tears of joy. , Surprise     ,25-02-2023 14:45, JoyfulReunion   , Instagram , #Surprise #OldFriends                       ,25,50, USA          ,2023,2,25,14
 Anticipating the release of a much-awaited movie.       , Anticipation ,26-02-2023 07:30, MovieBuff2      , Instagram , #Anticipation #MovieRelease                 ,20,40, Australia    ,2023,2,26,7
 Confusion reigns as I try to make sense of recent events., Confusion    ,27-02-2023 14:20, ConfusedMind2   , Instagram , #Confusion #MakingSense                    ,25,50, UK   ,2023,2,27,14
 Pride in completing a challenging fitness challenge.    , Pride        ,28-02-2023 16:00, FitAchiever     , Instagram , #Pride #FitnessChallengeCompleted          ,30,60, UK            ,2023,2,28,16
 Excitement for a quiet evening with a good book.        , Excitement   ,01-03-2023 13:30, BookwormJoy     , Instagram , #Excitement #BookTime                       ,18,35, USA          ,2023,3,1,13
 Confusion surrounds me as I navigate through life's choices. , Confusion ,02-03-2023 13:15, ConfusedMind3   , Instagram , #Confusion #LifeChoices                     ,30,60, USA   ,2023,3,2,13
 Pride in accomplishing personal and professional goals.  , Pride        ,03-03-2023 14:30, GoalAchiever    , Instagram , #Pride #Accomplishments                     ,12,25, Canada ,2023,3,3,14
 The victory of our team brought euphoria to the city. , Euphoria      ,10-08-2021 21:15, SportsFanatic   , Instagram , #Euphoria #Victory                             ,15,30, USA      ,2021,8,10,21
 Overflowing with gratitude for life's blessings.      , Gratitude     ,25-11-2012 10:00, ThankfulHeart   , Instagram , #Gratitude #Blessed                            ,30,60, Australia   ,2012,11,25,10
 Compassion in action: supporting a local charity event. , Compassion    ,18-07-2015 14:20, CharitySupporter, Instagram , #Compassion #CharityEvent                   ,18,35, Canada ,2015,7,18,14
 Enthusiastically diving into a new project.            , Enthusiasm    ,15-06-2018 16:00, ProjectEnthusiast, Instagram , #Enthusiasm #NewProject                       ,15,30, USA  ,2018,6,15,16
 Elation after a surprise reunion with old friends.    , Elation       ,02-04-2020 09:30, JoyfulReunion2  , Instagram , #Elation #OldFriends                          ,25,50, Canada      ,2020,4,2,9
 Serenity found in the pages of a favorite book.        , Serenity      ,22-09-2011 19:30, BookLover3      , Instagram , #Serenity #BookTime                           ,22,45, UK          ,2011,9,22,19
 Empowerment through learning and personal growth.      , Empowerment   ,20-07-2014 11:30, GrowthSeeker    , Instagram , #Empowerment #PersonalGrowth                  ,25,50,USA,2014,7,20,11
 Arousal of excitement for an upcoming adventure.       , Arousal       ,30-04-2017 11:30, AdventureAwaits , Instagram , #Arousal #AdventureTime                       ,20,40, Australia ,2017,4,30,11
 Reverence for the artistry displayed in a museum.      , Reverence     ,11-11-2020 15:00, ArtAppreciator  , Instagram , #Reverence #ArtAppreciation                  ,18,35, UK        ,2020,11,11,15
 The euphoria of a surprise birthday celebration.     , Euphoria      ,05-11-2018 21:45, BirthdayJoy     , Instagram , #Euphoria #BirthdaySurprise                   ,15,30, UK   ,2018,11,5,21
 Gratitude for the supportive community around me.    , Gratitude     ,20-04-2013 10:30, CommunityLove   , Instagram , #Gratitude #CommunitySupport                   ,30,60, USA ,2013,4,20,10
 Compassion shown through acts of kindness in the community., Compassion,15-01-2019 14:50, KindnessInAction, Instagram , #Compassion #CommunityKindness               ,18,35, Australia ,2019,1,15,14
 Enthusiasm for a new artistic project in the works.  , Enthusiasm    ,17-09-2020 16:30, ArtisticSpirit  , Instagram , #Enthusiasm #ArtisticProject                 ,15,30, USA       ,2020,9,17,16
 Elation after achieving a fitness milestone.         , Elation       ,15-06-2019 10:00, FitnessAchiever2, Instagram , #Elation #FitnessMilestone                   ,25,50, UK           ,2019,6,15,10
 Serenity found in the beauty of a sunset by the sea.  , Serenity      ,22-07-2011 18:30, SunsetWatcher2  , Instagram , #Serenity #SunsetViews                       ,22,45, Canada     ,2011,7,22,18
 Empowerment through learning a new skill.            , Empowerment   ,10-07-2014 13:15, SkillEmpower    , Instagram , #Empowerment #SkillBuilding                   ,25,50, India   ,2014,7,10,13
 Arousal of excitement for an upcoming festival.       , Arousal       ,25-09-2017 11:30, FestivalFan     , Instagram , #Arousal #FestivalExcitement               ,20,40, UK ,2017,9,25,11
 Reverence for the wonders of nature on a hiking trail., Reverence ,11-05-2020 15:00, NatureAdmirer   , Instagram , #Reverence #NatureExploration                ,18,35, USA        ,2020,5,11,15
" Overwhelmed by grief, missing a loved one dearly.  ", Grief           ,05-07-2022 15:45, MourningHeart     , Instagram , #Grief #Loss                                   ,8,15, Canada          ,2022,7,5,15
 Resentment building up over past betrayals.        , Resentment      ,22-05-2018 14:45, BitterHeart       , Instagram , #Resentment #Bitterness                       ,7,15, Australia     ,2018,5,22,14
" Anxiety grips my heart, worry clouds my thoughts.  ", Anxiety         ,15-04-2019 09:00, WorriedMind       , Instagram , #Anxiety #Worry                               ,12,25, UK           ,2019,4,15,9
 Envy eats away at me as I see others' prosperity.  , Envy            ,07-11-2018 11:30, CovetousMind     , Instagram , #Envy #Desire                                ,10,20, Canada        ,2018,11,7,11
" Drowning in despair, hope slipping through my fingers.", Despair      ,02-04-2016 20:20, HopelessHeart    , Instagram , #Despair #Hopeless                           ,10,20, USA          ,2016,4,2,20
" Jealousy gnaws at my confidence, a toxic emotion.  ", Jealousy        ,03-06-2018 16:30, SelfDoubt        , Instagram , #Jealousy #Insecurity                       ,8,15, India         ,2018,6,3,16
" Boredom settles like dust, life feels mundane.     ", Boredom         ,28-11-2016 19:00, MundaneHeart     , Instagram , #Boredom #Monotony                          ,7,15, Canada        ,2016,11,28,19
" Helplessness engulfs me, drowning in a sea of problems.", Helplessness ,08-05-2019 14:20, OverwhelmedSoul  , Instagram , #Helplessness #Struggling                   ,8,15, Australia    ,2019,5,8,14
 Disgust at the corruption that stains society.     , Disgust         ,01-07-2016 09:45, CorruptedHeart   , Instagram , #Disgust #Corruption                        ,7,15, UK            ,2016,7,1,9
" Loneliness echoes in empty spaces, yearning for connection.", Loneliness ,12-09-2019 18:10, EchoingSoul     , Instagram , #Loneliness #YearningForConnection         ,15,30, Australia     ,2019,9,12,18
" Frustration escalates, a thunderstorm of emotions. ", Frustration     ,05-04-2022 14:45, ThunderingMind   , Instagram , #Frustration #EmotionalOutburst            ,12,25, UK            ,2022,4,5,14
" Lost in the vast sea of information, an indifferent wave in the digital ocean. ", Indifference    ,28-11-2022 17:30, ApatheticObserver , Instagram , #Indifference #DigitalOverload              ,7,15, Canada          ,2022,11,28,17
" Gazing at the sunset, a melancholic longing for moments that slip through the fingers of time. ", Melancholy      ,18-06-2019 20:45, SunsetDreamer     , Instagram , #Melancholy #SunsetMoments                 ,12,25, Australia     ,2019,6,18,20
" Embracing the ebb and flow of life, finding acceptance in the dance of existence. ", Acceptance      ,10-01-2023 16:20, ZenLifestyle      , Instagram , #Acceptance #LifeJourney                   ,15,30, UK           ,2023,1,10,16
" Curiosity leading me down the rabbit hole of knowledge, a perpetual student in life's classroom. ", Curiosity       ,08-10-2022 08:15, EternalLearner    , Instagram , #Curiosity #KnowledgeQuest                ,20,40, USA          ,2022,10,8,8
" Numb to the chaos, emotions locked away, a stoic facade concealing the inner turmoil. ", Numbness        ,28-12-2019 14:30, StoicSoul         , Instagram , #Numbness #StoicFacade                    ,8,15, Australia     ,2019,12,28,14
" A tapestry of conflicting feelings, weaving through uncertainty, caught in the threads of ambivalence. ", Ambivalence     ,05-01-2022 10:30, ThreadWeaver      , Instagram , #Ambivalence #ConflictingFeelings        ,12,25, UK            ,2022,1,5,10
" Tranquil moments by the ocean, serenity washing over, a peaceful retreat within the waves' embrace. ", Serenity        ,12-04-2020 19:30, OceanSoul         , Instagram , #Serenity #OceanRetreat                   ,25,50, Canada        ,2020,4,12,19
" Wrestling with thoughts, a perplexed mind lost in the labyrinth of life's complexities. ", Confusion       ,05-08-2020 12:15, ComplexThinker    , Instagram , #Confusion #PerplexedMind                ,14,28, Australia    ,2020,8,5,12
" Flipping through the pages of an old yearbook, nostalgia painting smiles and tears on my face. ", Nostalgia       ,18-06-2017 14:45, YearbookExplorer  , Instagram , #Nostalgia #YearbookMemories            ,12,25, India         ,2017,6,18,14
" A fiery determination burning within, fueled by the vision of reaching unparalleled heights. ", Determination   ,10-09-2021 14:45, VisionarySpirit   , Instagram , #Determination #UnparalleledHeights      ,20,40, UK            ,2021,9,10,14
" Indifferent to the noise of the world, a silent observer in the midst of life's cacophony. ", Indifference    ,10-03-2023 16:30, SilentSpectator   , Instagram , #Indifference #SilentObserver            ,9,18, India         ,2023,3,10,16
" Melancholy painting the world in hues of nostalgia, a canvas of bittersweet memories. ", Melancholy      ,05-01-2020 20:00, CanvasDreamer     , Instagram , #Melancholy #BittersweetMemories         ,13,26, USA          ,2020,1,5,20
" Embracing imperfections, finding acceptance in the mosaic of life's beautiful chaos. ", Acceptance      ,20-07-2021 16:20, MosaicDreamer     , Instagram , #Acceptance #BeautifulChaos              ,18,36, Australia     ,2021,7,20,16
" Curiosity driving the exploration of the unknown, a seeker of knowledge in uncharted territories. ", Curiosity       ,08-05-2022 08:45, SeekerOfUnknowns  , Instagram , #Curiosity #SeekerOfKnowledge            ,22,45, UK            ,2022,5,8,8
" Wrapped in the cloak of emotional numbness, a shield against the storms of life's turbulence. ", Numbness        ,30-11-2021 15:30, TurbulentShield   , Instagram , #Numbness #EmotionalStorms               ,10,20, Canada        ,2021,11,30,15
" Ambivalence in the air, caught between the crossroads of conflicting emotions and decisions. ", Ambivalence     ,05-08-2022 11:30, CrossroadsExplorer, Instagram , #Ambivalence #CrossroadsConfusion        ,15,30, Canada        ,2022,8,5,11
" Immerse in the serenity of a moonlit night, where the quiet whispers of nature bring peace to the soul. ", Serenity        ,12-05-2020 19:30, MoonlitSoul       , Instagram , #Serenity #MoonlitPeace                  ,25,50, USA          ,2020,5,12,19
"Wrapped in the cloak of emotional numbness, a shield against the storms of life's turbulence. ", Numbness ,30-11-2021 15:30, TurbulentShield , Instagram , #Numbness #EmotionalStorms ,10,20, Canada ,2021,11,30,15
" Gazing towards the horizon with hopeful eyes, painting a canvas of dreams illuminated by the sun of optimism. ", Hopeful ,18-04-2022 08:00, DreamPainter , Instagram , #Hopeful #CanvasOfDreams ,12,24, India ,2022,4,18,8
" Extending a hand, empathetic threads weaving a tapestry of understanding, embracing the joys and sorrows of others. ", Empathetic ,03-04-2018 14:15, ThreadWeaver , Instagram , #Empathetic #TapestryOfUnderstanding ,15,30, UK ,2018,4,3,14
" Soaring on the wings of a free spirit, unburdened by the chains of conformity, painting the sky with independence. ", Free-spirited ,15-08-2021 11:10, SkyPainter , Instagram , #FreeSpirit #PaintingTheSky ,20,40, India ,2021,8,15,11
" Striding with confidence, footprints of self-assuredness imprinted on the sands of challenges conquered and victories claimed. ", Confident ,15-02-2022 13:15, SandStrider , Instagram , #Confident #FootprintsOfAssuredness ,25,50, Australia ,2022,2,15,13
" Unveiling the layers of curiosity, a labyrinth of questions leading to the treasure troves of undiscovered knowledge. ", Curiosity ,29-11-2020 14:45, KnowledgeSeeker , Instagram , #Curiosity #LabyrinthOfQuestions ,17,34, USA ,2020,11,29,14
" With a zestful heart, sprinting through fields of enthusiasm, chasing sunbeams and laughter in the meadows of joy. ", Zest ,30-03-2023 16:30, MeadowSprinter , Instagram , #Zest #FieldsOfEnthusiasm ,16,32, India ,2023,3,30,16
" Embraced by the hopeful dawn, a gardener sowing seeds of optimism, tending to the blooms of a brighter tomorrow. ", Hopeful ,17-07-2022 06:15, DawnGardener , Instagram , #Hopeful #SeedsOfOptimism ,14,28, UK ,2022,7,17,6
" Navigating the river of contentment, a serene boat cruise through the tranquil waters of inner peace and acceptance. ", Contentment ,27-04-2019 09:50, RiverNavigator , Instagram , #Contentment #TranquilWaters ,20,40, Canada ,2019,4,27,9
" Bathed in the golden hues of gratefulness, a sunset of appreciation casting its warm glow on the landscapes of the heart. ", Grateful ,01-04-2022 18:30, SunsetAdmirer , Instagram , #Grateful #GoldenHues ,19,38, Australia ,2022,4,1,18
" Playfully juggling responsibilities, a circus performer balancing the acts of work and joy, tossing laughter into the air. ", Playful ,18-11-2019 15:15, JugglingArtist , Instagram , #Playful #JugglingResponsibilities ,25,50, USA ,2019,11,18,15
" A compassionate rain, tears of empathy falling gently, nurturing the seeds of kindness in the garden of human connections. ", Compassionate ,01-07-2021 12:10, RainNurturer , Instagram , #Compassionate #TearsOfEmpathy ,21,42, Canada ,2021,7,1,12
" Embraced by the hopeful dawn, a gardener sowing seeds of optimism, tending to the blooms of a brighter tomorrow. ", Hopeful ,17-07-2022 06:15, DawnGardener , Instagram , #Hopeful #SeedsOfOptimism ,14,28, UK ,2022,7,17,6
" Navigating the river of contentment, a serene boat cruise through the tranquil waters of inner peace and acceptance. ", Contentment ,27-04-2019 09:50, RiverNavigator , Instagram , #Contentment #TranquilWaters ,20,40, Canada ,2019,4,27,9
" Bathed in the golden hues of gratefulness, a sunset of appreciation casting its warm glow on the landscapes of the heart. ", Grateful ,01-04-2022 18:30, SunsetAdmirer , Instagram , #Grateful #GoldenHues ,19,38, Australia ,2022,4,1,18
" Playfully juggling responsibilities, a circus performer balancing the acts of work and joy, tossing laughter into the air. ", Playful ,18-11-2019 15:15, JugglingArtist , Instagram , #Playful #JugglingResponsibilities ,25,50, USA ,2019,11,18,15
" A compassionate rain, tears of empathy falling gently, nurturing the seeds of kindness in the garden of human connections. ", Compassionate ,01-07-2021 12:10, RainNurturer , Instagram , #Compassionate #TearsOfEmpathy ,21,42, Canada ,2021,7,1,12
" Embraced by the hopeful dawn, a gardener sowing seeds of optimism, tending to the blooms of a brighter tomorrow. ", Hopeful ,17-07-2022 06:15, DawnGardener , Instagram , #Hopeful #SeedsOfOptimism ,14,28, India ,2022,7,17,6
" Drowning in the abyss of despair, a heart shattered into fragments, lost in the echoing silence of hopelessness. ", Despair ,15-09-2021 16:00, ShatteredHeart , Instagram , #Despair #EchoingSilence ,8,16, Canada ,2021,9,15,16
" Yearning for a touch that's not there, echoes of a distant warmth haunting the heart in the cold embrace of solitude. ", Yearning ,02-11-2020 19:30, ColdEmbrace , Instagram , #Yearning #DistantWarmth ,10,20, Australia ,2020,11,2,19
" Overwhelmed by the weight of the world, Atlas with trembling shoulders, each responsibility a boulder in the landscape of exhaustion. ", Overwhelmed ,25-06-2021 17:50, AtlasBearer , Instagram , #Overwhelmed #BouldersOfExhaustion ,22,44, Canada ,2021,6,25,17
" Frustrated fingers tapping on the keyboard, a symphony of annoyance composing an unsolvable puzzle of unmet expectations. ", Frustrated ,17-12-2020 09:20, PuzzleComposer , Instagram , #Frustrated #UnsolvablePuzzle ,12,24, India ,2020,12,17,9
" Shattered dreams lie on the floor like fragments of glass, a mosaic of disappointment crafted by the hands of frustration. ", Frustrated ,07-01-2022 11:10, DreamMosaic , Instagram , #Frustrated #MosaicOfDisappointment ,15,30, Canada ,2022,1,7,11
" Bitterness, a bitter aftertaste lingering on the tongue, each word a reminder of wounds that refuse to heal with the passing of time. ", Bitterness ,05-04-2020 16:20, LingeringTaste , Instagram , #Bitterness #BitterAftertaste ,10,20, India ,2020,4,5,16
" Devastated by the revelation of betrayal, the trust shattered like fragile glass, leaving shards of pain in its wake. ", Devastated ,20-05-2022 14:50, FragileTrust , Instagram , #Devastated #ShatteredTrust ,25,50, Canada ,2022,5,20,14
" Dismissive gestures, a curtain drawn to shield the vulnerability, a stage where emotions take a backseat to the performance of indifference. ", Dismissive ,18-08-2018 14:40, CurtainShield , Instagram , #Dismissive #IndifferencePerformance ,12,24, Australia ,2018,8,18,14
" Loneliness, a solitary moon in a starless sky, casting a cold glow on the landscape of isolation, where echoes bounce in empty spaces. ", Loneliness ,01-12-2017 18:50, SolitaryMoon , Instagram , #Loneliness #StarlessSky ,18,36, USA ,2017,12,1,18
" Apprehensive whispers in the wind, a forecast of uncertainty, the mind's weather vane spinning wildly in the storm of doubt. ", Apprehensive ,10-06-2021 10:00, WindWhisperer , Instagram , #Apprehensive #StormOfDoubt ,14,28, Canada ,2021,6,10,10
" Devastated, a heart in ruins, the echoes of shattered dreams reverberating in the chambers, a requiem for what once was whole. ", Devastated ,28-10-2022 11:15, RuinedHeart , Instagram , #Devastated #EchoesOfShatteredDreams ,25,50, Australia ,2022,10,28,11
" Dismissive gestures, a curtain drawn to shield the vulnerability, a stage where emotions take a backseat to the performance of indifference. ", Dismissive ,18-08-2018 14:00, IndifferentFort , Instagram , #Dismissive #IndifferencePerformance ,12,24, Australia ,2018,8,18,14
Awe-struck by the breathtaking sunrise over the mountains.      , Awe           ,03-04-2022 06:15, NatureAdmirer  , Instagram , #Awe #BreathtakingSunrise                   ,28,55, USA               ,2022,4,3,6
Thrilled to witness the grandeur of a cultural festival.       , Thrill        ,15-09-2020 14:45, CultureEnthusiast , Instagram , #Thrill #CulturalCelebration              ,40,80, India              ,2020,9,15,14
Excitement builds as the countdown to a long-awaited vacation begins. , Excitement ,10-01-2023 12:00, VacationDreamer , Instagram , #Excitement #VacationCountdown        ,30,60, France            ,2023,1,10,12
Bittersweet emotions arise while bidding farewell to a dear friend. , Bittersweet ,15-03-2020 18:30, FarewellSender , Instagram , #Bittersweet #Farewell                     ,20,40, Japan             ,2020,3,15,18
Admiration for the intricate details of a handcrafted masterpiece. , Admiration    ,20-08-2019 16:00, CraftEnthusiast , Instagram , #Admiration #HandcraftedArt               ,25,50, USA               ,2019,8,20,16
Inspiration strikes while observing the colors of a vibrant sunset., Inspiration   ,10-06-2020 20:45, SunsetWatcher   , Instagram , #Inspiration #ColorfulSunset             ,30,60, UK                ,2020,6,10,20
Feeling empowered after conquering a challenging hiking trail.     , Empowerment   ,05-09-2018 14:20, HikingExplorer  , Instagram , #Empowerment #HikingAdventure             ,35,70, USA               ,2018,9,5,14
Joyful reunion with long-lost friends after years of separation.   , JoyfulReunion ,18-11-2020 17:10, FriendshipRenewal , Instagram , #JoyfulReunion #Friendship               ,20,40, India             ,2020,11,18,17
Feeling blessed for the supportive community in times of need.    , Blessed       ,10-09-2021 09:45, CommunityHelper , Instagram , #Blessed #SupportiveCommunity            ,18,35, UK                ,2021,9,10,9
Reflecting on personal growth achieved through life experiences.  , Reflection    ,08-03-2019 18:30, GrowthSeeker    , Instagram , #Reflection #PersonalGrowth              ,35,70, USA               ,2019,3,8,18
Confidence soars after overcoming public speaking anxiety.       , Confidence    ,02-04-2020 17:30, PublicSpeaker   , Instagram , #Confidence #OvercomingAnxiety          ,15,30, USA               ,2020,4,2,17
Surprise and delight at discovering a hidden gem in the city.    , Surprise      ,18-10-2019 16:45, CityExplorer    , Instagram , #Surprise #HiddenGem                      ,18,35, UK                ,2019,10,18,16
Optimism for a bright future amidst challenging times.           , Optimism      ,05-07-2021 09:30, FutureOptimist  , Instagram , #Optimism #BrightFuture                  ,20,40, Canada            ,2021,7,5,9
Elation over discovering a rare book in a quaint bookstore.      , Elation       ,22-09-2018 16:30, Bookworm        , Instagram , #Elation #RareBookDiscovery              ,40,80, USA               ,2018,9,22,16
Mesmerized by the cosmic dance of fireflies on a moonlit night.    , Enchantment   ,10-08-2022 22:00, NightSkyObserver , Instagram , #Enchantment #CosmicFireflies             ,25,50, Brazil           ,2022,8,10,22
Enveloped in serenity while practicing mindfulness by the lake.    , Mindfulness   ,20-10-2017 08:15, ZenSeeker       , Instagram , #Mindfulness #LakeTranquility            ,35,70, Canada           ,2017,10,20,8
Whimsical delight in a world of fairy tales and magical creatures.  , Whimsy        ,08-03-2016 14:20, FairyTaleExplorer , Instagram , #Whimsy #MagicalWorld                    ,20,40, USA             ,2016,3,8,14
Harmony resonates as musicians play a melody of unity and togetherness. , Harmony    ,30-11-2019 19:30, MusicHarmonist  , Instagram , #Harmony #MusicalUnity                   ,35,70, Sweden          ,2019,11,30,19
A sense of wonder at the vastness of the cosmos on a stargazing night. , Wonder     ,08-07-2018 23:00, CosmosExplorer  , Instagram , #Wonder #StargazingAdventure            ,40,80, South Africa    ,2018,7,8,23
Savoring the warmth of a cup of cocoa on a chilly winter evening.   , Coziness     ,12-01-2020 18:00, WinterWarmth    , Instagram , #Coziness #WarmWinterEvening           ,30,60, Switzerland     ,2020,1,12,18
Euphoria floods in as the final puzzle piece clicks into place.       , Euphoria   ,08-06-2022 15:30, PuzzleSolver    , Instagram , #Euphoria #PuzzleCompletion            ,20,40, Denmark         ,2022,6,8,15
Captivated by the ethereal beauty of a field filled with fireflies. , Enchantment   ,10-08-2022 22:00, NightSkyObserver , Instagram , #Enchantment #FireflyField              ,25,50, Brazil           ,2022,8,10,22
Exploring the universe within during a mindful meditation session. , InnerJourney  ,20-10-2017 08:15, MindfulExplorer , Instagram , #InnerJourney #MeditationBliss          ,35,70, Canada           ,2017,10,20,8
Whimsical delight in a world of whimsical fairy tales.             , Whimsy        ,08-03-2016 14:20, FairyTaleAdventurer , Instagram , #Whimsy #FairyTaleMagic                 ,20,40, USA             ,2016,3,8,14
Harmony resonates as musicians play a symphony of unity.           , Harmony       ,30-11-2019 19:30, MusicHarmonist  , Instagram , #Harmony #MusicalUnity                   ,35,70, Sweden          ,2019,11,30,19
Awe-inspired by the vastness of the cosmos on a stargazing night.   , Wonder       ,08-07-2018 23:00, CosmosExplorer  , Instagram , #Wonder #StargazingAdventure            ,40,80, South Africa    ,2018,7,8,23
Savoring the warmth of a cup of cocoa on a chilly winter evening.   , Coziness     ,12-01-2020 18:00, WinterWarmth    , Instagram , #Coziness #WarmWinterEvening           ,30,60, Switzerland     ,2020,1,12,18
Euphoria floods in as the final puzzle piece fits perfectly.       , Euphoria     ,08-06-2022 15:30, PuzzleSolver    , Instagram , #Euphoria #PerfectPuzzle               ,20,40, Denmark         ,2022,6,8,15
Curiosity awakened by the mysteries of an ancient archaeological site. , Curiosity  ,08-11-2015 10:00, ArchaeologyEnthusiast , Instagram , #Curiosity #AncientMysteries          ,18,35, Australia ,2015,11,8,10
Contentment envelops as the aroma of freshly baked bread fills the air. , Contentment ,10-06-2017 12:15, BreadLover     , Instagram , #Contentment #FreshBreadAroma          ,28,55, France          ,2017,6,10,12
Drenched in nostalgia while flipping through an old family photo album. , Nostalgia ,05-12-2016 21:00, FamilyHistorian , Instagram , #Nostalgia #FamilyPhotoAlbum           ,25,50, India          ,2016,12,5,21
Marveling at the kaleidoscope of colors in a vibrant street market. , Marvel       ,22-08-2015 15:00, MarketExplorer , Instagram , #Marvel #ColorfulStreetMarket          ,22,45, Brazil          ,2015,8,22,15
Drowning in sorrow as memories of lost love resurface.            , Heartbreak    ,05-08-2019 21:00, LostInLove      , Instagram , #Heartbreak #LostLove                    ,15,30, USA             ,2019,8,5,21
"Despair clouds the mind, feeling adrift in an endless sea of darkness. ", Despair   ,15-05-2016 22:30, LostInDarkness  , Instagram , #Despair #EndlessDarkness               ,28,55, Australia        ,2016,5,15,22
"Emotional storm, a whirlwind of sadness engulfs every thought.    ", EmotionalStorm ,18-07-2017 17:45, StormyFeelings  , Instagram , #EmotionalStorm #SadnessWhirlwind      ,30,60, India          ,2017,7,18,17
"Isolation deepens, an emotional winter where warmth is but a distant memory. ", Isolation ,02-04-2020 14:20, WinterOfEmotions , Instagram , #Isolation #EmotionalWinter            ,35,70, Japan       ,2020,4,2,14
"Heartache deepens, a solitary journey through the abyss of despair. ", Despair   ,18-08-2022 22:00, SolitaryDescent , Instagram , #Despair #AbyssOfHeartache             ,40,80, South Africa ,2022,8,18,22
"Emotional exhaustion, the weight of the world crushing weary shoulders. ", Exhaustion ,05-09-2021 13:30, WearySoulCrushed , Instagram , #Exhaustion #CrushedSpirit             ,35,70, Canada     ,2021,9,5,13
"Desperation whispers, the silent plea for a glimmer of hope in the abyss. ", Desperation ,30-04-2019 14:00, WhisperedDespair , Instagram , #Desperation #GlimmerOfHope            ,22,45, France    ,2019,4,30,14
"Avoiding the thorns of regret, walking barefoot on the path of remorse. ", Regret ,18-04-2022 11:30, RemorseWalker , Instagram , #Regret #PathOfRemorse ,25,50, Canada ,2022,4,18,11
"The bitterness of betrayal, a taste that lingers, staining the palate of trust. ", Bitterness ,22-10-2019 17:00, PalateStainer , Instagram , #Bitterness #StainedTrust ,15,30, Germany ,2019,10,22,17
"Tears, the ink staining the pages of a journal, a testament to silent grief. ", Grief ,28-01-2023 14:30, InkJournalist , Instagram , #Grief #SilentTears ,30,60, India ,2023,1,28,14
"Suffocating in the silence of solitude, where echoes of laughter once thrived. ", Isolation ,20-05-2022 20:30, EchoedLaughter , Instagram , #Isolation #SilentSolitude ,30,60, South Africa ,2022,5,20,20
"Sinking like autumn leaves in the river of sorrow, carried away by the current. ", Sorrow ,15-09-2020 18:15, RiverOfSorrow , Instagram , #Sorrow #AutumnLeaves ,22,45, Canada ,2020,9,15,18
"Wandering in the maze of betrayal, the walls closing in with every wrong turn. ", Betrayal ,05-01-2021 16:20, MazeWanderer , Instagram , #Betrayal #ClosingWalls ,15,30, Germany ,2021,1,5,16
"Like a withered rose in the garden of love, petals fall, a silent surrender to time. ", Loss ,10-02-2023 14:30, WitheredRose , Instagram , #Loss #SilentSurrender ,28,55, France ,2023,2,10,14
"In the void of heartache, echoes of a love song play, each note a pang of longing. ", Heartache ,10-07-2022 22:15, LoveSongEcho , Instagram , #Heartache #LoveSongLonging ,30,60, Japan ,2022,7,10,22
"Betrayal, a venomous serpent slithering through the garden of trust, poisoning roots. ", Betrayal ,02-03-2021 17:45, VenomousGarden , Instagram , #Betrayal #PoisonedTrust ,25,50, Canada ,2021,3,2,17
"Swept away by the river of regret, the currents of the past refusing to release. ", Regret ,28-04-2017 16:20, RegretRiver , Instagram , #Regret #PastCurrents ,18,35, UK ,2017,4,28,16
"The echoes of solitude, a silent conversation between a soul and its shadows. ", Solitude ,15-06-2016 22:30, EchoedConversation , Instagram , #Solitude #ShadowConversation ,30,60, Spain ,2016,6,15,22
"Dancing on sunshine, each step a celebration of the joy found in simple moments. ", Joy ,20-08-2021 15:45, SunshineDancer , Instagram , #Joy #SimpleMoments ,40,80, USA ,2021,8,20,15
"Chasing dreams under the vibrant sky, a journey fueled by hope and enthusiasm. ", Enthusiasm ,28-10-2019 14:15, DreamChaser , Instagram , #Enthusiasm #HopefulJourney ,30,60, Australia ,2019,10,28,14
"In the dance of positivity, every step is a rhythm, uplifting the soul in harmony. ", Positivity ,18-09-2016 19:45, DanceHarmony , Instagram , #Positivity #SoulUpliftment ,18,35, France ,2016,9,18,19
"In the garden of friendships, each bloom a testament to the beauty of camaraderie. ", Friendship ,28-08-2018 16:00, FriendshipGarden , Instagram , #Friendship #CamaraderieBlooms ,30,60, South Africa ,2018,8,28,16
"Surrounded by the colors of joy, a canvas painted with laughter and endless smiles. ", Joy ,02-07-2019 17:00, ColorfulLaughter , Instagram , #Joy #EndlessSmiles ,40,80, Canada ,2019,7,2,17
"Lost in the maze of curiosity, each twist and turn unveils the treasures of discovery. ", Curiosity ,22-09-2018 12:45, MazeDiscovery , Instagram , #Curiosity #TreasuresOfDiscovery ,22,45, India ,2018,9,22,12
"In the celebration of success, fireworks of accomplishment light up the night sky of triumph. ", Success ,15-11-2017 22:30, FireworksTriumph , Instagram , #Success #NightSkyTriumph ,22,45, Japan ,2017,11,15,22
"In the carnival of emotions, the rollercoaster of thrill sends the heart on a wild ride. ", Thrill ,28-03-2019 15:30, EmotionCarnival , Instagram , #Thrill #WildHeartRide ,35,70, South Africa ,2019,3,28,15
"Lost in the enchantment of Disneyland, each ride a journey into the realm of childhood fantasies. ", Enchantment ,28-09-2022 15:45, DisneylandExplorer , Instagram , #Enchantment #ChildhoodFantasies ,30,60, USA ,2022,9,28,15
"Amidst the tulip fields of Keukenhof, a tapestry of colors that paints the soul with springtime joy. ", Joy ,02-04-2021 18:20, KeukenhofAdventurer , Instagram , #Joy #SpringtimeColors ,35,70, Netherlands ,2021,4,2,18
"In the embrace of the Grand Canyon, nature's masterpiece, a moment to marvel at Earth's grandeur. ", Awe ,15-06-2020 16:45, CanyonMarveler , Instagram , #Awe #EarthsGrandeur ,25,50, USA ,2020,6,15,16
"Embarking on a gondola ride in Venice, each canal reflecting the romance of this timeless city. ", Romance ,18-04-2019 16:30, VeniceRomantic , Instagram , #Romance #TimelessCity ,20,40, Italy ,2019,4,18,16
"In the heart of New York City, Times Square dazzles with lights, a vibrant spectacle of urban energy. ", Excitement ,20-07-2022 21:45, TimesSquareExplorer , Instagram , #Excitement #UrbanEnergy ,35,70, USA ,2022,7,20,21
"In the midst of the Amazon rainforest, a symphony of wildlife creates an orchestra of nature's wonders. ", Wonder ,10-06-2021 16:00, AmazonExplorer , Instagram , #Wonder #NatureOrchestra ,30,60, Brazil ,2021,6,10,16
"Exploring the ancient ruins of Angkor Wat, each stone whispering stories of Khmer civilization. ", Exploration ,22-11-2016 13:00, AngkorWatAdventurer , Instagram , #Exploration #KhmerStories ,20,40, Cambodia ,2016,11,22,13
"Cruising the fjords of Norway, each icy landscape a breathtaking masterpiece of nature's grandeur. ", Grandeur ,28-05-2018 18:30, NorwayFjordExplorer , Instagram , #Grandeur #IcyMasterpiece ,22,45, Norway ,2018,5,28,18
"At the front row of Adele's concert, each note of 'Someone Like You' resonates with soul-stirring emotion. ", Emotion ,15-09-2022 20:00, AdeleConcertGoer , Instagram , #Emotion #AdeleConcert ,40,80, USA ,2022,9,15,20
"Rocking out to the guitar solos at a Queen tribute concert, a journey back in time with Freddie's spirit. ", Nostalgia ,02-12-2018 22:15, QueenTributeFan , Instagram , #Nostalgia #QueenTribute ,22,45, UK ,2018,12,2,22
"At a Michael Jackson tribute show, moonwalking through the hits, a celebration of the King of Pop. ", Celebration ,15-01-2022 21:15, MJTributeDancer , Instagram , #Celebration #MJTribute ,25,50, USA ,2022,1,15,21
"Experiencing the magic of a Coldplay concert, where 'Fix You' becomes a beacon of hope in the night. ", Hope ,28-11-2016 19:00, ColdplayHopeSeeker , Instagram , #Hope #ColdplayMagic ,30,60, UK ,2016,11,28,19
"At a Justin Bieber concert, the infectious beats of 'Baby' create a dance floor of unbridled enthusiasm. ", Enthusiasm ,05-08-2018 20:00, BieberDanceEnthusiast , Instagram , #Enthusiasm #JustinBieber ,40,80, Canada ,2018,8,5,20
"Drenched in confetti at a Katy Perry concert, a kaleidoscope of colors igniting the night sky. ", Colorful ,22-06-2020 22:00, KatyPerryColorExplosion , Instagram , #Colorful #KatyPerry ,22,45, USA ,2020,6,22,22
"At a U2 concert, the anthemic chords of 'With or Without You' create a timeless moment of connection. ", Connection ,15-05-2016 19:30, U2ConnectionSeeker , Instagram , #Connection #U2Anthem ,25,50, Ireland ,2016,5,15,19
"Swaying to the reggae vibes of Bob Marley's tribute concert, each chord a journey to Jamaica's soul. ", Journey ,05-03-2020 18:45, MarleyReggaeTraveler , Instagram , #Journey #BobMarleyTribute ,30,60, Jamaica ,2020,3,5,18
"As the credits roll, a profound sense of nostalgia washes over, reminiscent of cherished moments in classic films. ", Nostalgia ,25-06-2019 22:15, FilmLoverNostalgiaSeeker , Instagram , #Nostalgia #ClassicFilmMoments ,35,70, UK ,2019,6,25,22
"Watching a heartwarming family drama, tears flow freely as the characters overcome challenges, leaving the viewer with a warm glow. ", Touched ,15-01-2021 18:00, DramaEnthusiastHeartwarmingMoments , Instagram , #Touched #FamilyDramaMoments ,28,55, India ,2021,1,15,18
"As the movie credits roll, the viewer experiences a mix of awe and contemplation, pondering the deeper meanings woven into the storyline. ", Contemplation ,05-11-2019 21:15, FilmBuffContemplativeViewer , Instagram , #Contemplation #DeepMeanings ,28,55, Germany ,2019,11,5,21
"Celebrating a historic victory in the World Cup, the nation erupts in joy, united by the triumph of their football team. ", Joy ,15-07-2018 21:30, FootballFanWorldCupCelebration , Instagram , #Joy #WorldCupTriumph ,40,80, Brazil ,2018,7,15,21
"Witnessing a record-breaking marathon, spectators are filled with awe and admiration for the endurance and dedication of the runners. ", Admiration ,07-11-2021 17:30, MarathonSpectatorRecordBreaking , Instagram , #Admiration #MarathonRecords ,22,45, Kenya ,2021,11,7,17
"At the golf tournament, the golfer's precision and focus lead to a stunning victory, leaving spectators in awe of their exceptional skill. ", Awe ,10-04-2016 18:30, GolfEnthusiastPrecisionVictory , Instagram , #Awe #GolfVictory ,22,45, Scotland ,2016,4,10,18
"Witnessing a heartwarming comeback in the hockey finals, fans share tears of joy as the team secures a historic victory after adversity. ", Heartwarming ,12-12-2020 20:00, HockeyFanComebackVictory , Instagram , #Heartwarming #HockeyFinalsComeback ,22,45, Canada ,2020,12,12,20
"In the tennis tournament, a highly anticipated player experiences a setback, leaving fans in shock and questioning the unforeseen turn of events. ", Frustration ,10-07-2018 21:15, TennisEnthusiastUnexpectedSetback , Instagram , #Frustration #TennisSetback ,35,70, USA ,2018,7,10,21
"The gymnast's unexpected fall during a routine sparks a wave of sympathy from the audience, highlighting the vulnerability of sports. ", Sympathy ,05-04-2021 20:15, GymnasticsFanRoutineFall , Instagram , #Sympathy #GymnasticsFall ,28,55, Japan ,2021,4,5,20
"Despite meticulous training, the swimmer faces disappointment as a split-second miscalculation costs them the lead in a crucial race. ", Miscalculation ,28-06-2015 20:00, SwimmingEnthusiastRaceSetback , Instagram , #Miscalculation #SwimmingDisappointment ,28,55, Australia ,2015,6,28,20
"In the serene beauty of a sunset, nature unfolds a canvas of colors, evoking a sense of tranquility and wonder. ", Tranquility ,10-07-2021 19:00, NatureEnthusiastSunsetWonder , Instagram , #Tranquility #SunsetBeauty ,40,80, Canada ,2021,7,10,19
"Exploring the vibrant street art of a cultural neighborhood, each mural tells a story, infusing the city with creativity and expression. ", Creativity ,05-11-2017 21:15, ArtEnthusiastStreetArtExploration , Instagram , #Creativity #StreetArtVibes ,22,45, Brazil ,2017,11,5,21
"Embracing the aroma of freshly baked bread, the home chef finds joy in the art of baking, creating delicious memories for loved ones. ", Joy in Baking ,10-04-2023 17:15, HomeBakerDeliciousMemories , Instagram , #JoyInBaking #HomemadeDelights ,22,45, India ,2023,4,10,17
"Capturing the essence of a bustling market, the photographer freezes moments in time, each frame telling a unique and vibrant story. ", Vibrancy ,22-03-2019 21:45, PhotographyEnthusiastMarketMoments , Instagram , #Vibrancy #MarketStories ,22,45, Australia ,2019,3,22,21
"In the heart of a bustling market, the street food connoisseur indulges in a culinary adventure, savoring diverse flavors and aromas. ", Culinary Adventure ,28-08-2019 19:30, FoodieMarketStreetFoodExploration , Instagram , #CulinaryAdventure #StreetFoodDelights ,35,70, Thailand ,2019,8,28,19
"Surrounded by the vibrant colors of a flower garden, the gardener nurtures blossoms, finding joy in the beauty of nature's ever-changing canvas. ", Nature's Beauty ,15-05-2020 18:30, GardeningEnthusiastFlowerGarden , Instagram , #NaturesBeauty #FloralJoy ,28,55, Australia ,2020,5,15,18
"In the realm of fashion, the designer unveils a collection that tells a story, blending innovation and tradition on the runway of creativity. ", Runway Creativity ,10-11-2015 21:00, FashionEnthusiastDesignerShowcase , Instagram , #RunwayCreativity #FashionInnovation ,28,55, Italy ,2015,11,10,21
Ran out of snacks during a movie marathon. Crisis level: Emergency! #MovieNightStruggles #TeenProblems , Boredom ,21-05-2023 21:00, MovieBuff , Instagram , #SnackCrisis #TeenLife ,18,35, Canada,2023,5,21,21
Decided to study for exams but ended up making memes about studying instead. Procrastination level: Expert. #ProcrastinationNation #TeenConfessions , Surprise ,24-05-2023 13:15, MemeCreator , Instagram , #StudyingMemes #TeenLife ,25,50, Canada,2023,5,24,13
"Entered the kitchen with the intention to cook. Left with a bag of chips. Cooking is overrated, anyway. #MasterChefInTraining #TeenHumor ", Disgust ,27-05-2023 21:15, ChipExplorer , Instagram , #TeenChef #CookingFail ,22,45, Canada,2023,5,27,21
"Bought a new video game, played for hours, forgot to eat. The ultimate gaming session. #GamerLife #NoFoodGaming ", Excitement ,30-05-2023 20:45, GamingEnthusiast , Instagram , #GameOn #TeenGamer ,22,45, USA,2023,5,30,20
Decided to learn a new instrument. Day one: Still trying to figure out how to hold it. #MusicNovice #LearningJourney , Frustration ,02-06-2023 14:30, MusicalExplorer , Instagram , #InstrumentLearning #TeenMusic ,28,55, UK,2023,6,2,14
Spontaneously booked a weekend getaway. Adventure awaits! #TravelBug #WeekendEscape , Excitement ,05-06-2023 10:00, AdventureSeeker , Instagram , #GetawayGoals #TeenTravel ,18,35, UK,2023,6,5,10
Embarked on a DIY home decor project. Let's hope it turns out better than last time. #DIYAdventure #TeenHomeDecor , Excitement ,08-06-2023 16:00, HomeDecorator , Instagram , #DIYGoals #TeenCreative ,35,70, UK,2023,6,8,16
Relishing a peaceful afternoon with a classic novel. Quiet moments are the best moments. #BookLover #PeacefulAfternoon , Contentment ,11-06-2023 15:30, NovelEnthusiast , Instagram , #QuietMoments #BookishEscape ,35,70, USA,2023,6,11,15
Savoring the flavors of a home-cooked meal. Simple joys are the heart of happiness. #HomeCooking #SimpleJoys , Contentment ,14-06-2023 19:30, HomeChefSenior , Instagram , #HappinessInFood #SeniorLife ,25,50, USA,2023,6,14,19
Capturing the beauty of nature through photography. Every snapshot is a treasure. #NaturePhotography #SeniorPhotographer , Joy ,17-06-2023 15:00, PhotographySenior , Instagram , #NatureCapture #SeniorMoments ,35,70, USA,2023,6,17,15
"Joined a community choir, harmonizing with fellow voices. Music creates bonds that withstand time. #CommunityChoir #HarmonyInAging ", Joy ,20-06-2023 14:20, ChoirEnthusiast , Instagram , #MusicHarmony #SeniorVoices ,20,40, USA,2023,6,20,14
"Sipping on a favorite vintage wine, each sip telling a story of the years gone by. Cheers to a life well-lived. #WineLover #VintageCheers ", Contentment ,23-06-2023 18:45, WineConnoisseur , Instagram , #LifeWellLived #SeniorWine ,28,55, UK,2023,6,23,18
"Attended a lecture on history, always fascinated by the lessons from the past. Learning is a lifelong adventure. #HistoryLecture #SeniorLearning ", Curiosity ,26-06-2023 14:00, HistoryEnthusiast , Instagram , #LifetimeAdventure #SeniorCuriosity ,30,60, UK,2023,6,26,14
"Attended a jazz concert and swayed to the rhythm of timeless tunes. Music, a constant companion in the golden years. #JazzConcert #SeniorMusic ", Joy ,29-06-2023 16:30, JazzMusicLover , Instagram , #TimelessTunes #SeniorJazz ,25,50, USA,2023,6,29,16
"Embarked on a solo travel adventure, discovering the beauty of new places at my own pace. #SoloTravel #SeniorExplorer ", Excitement ,01-07-2023 14:00, SoloAdventurer , Instagram , #DiscoverNewPlaces #SeniorTravel ,30,60, USA,2023,7,1,14
"Hosted a family dinner, where laughter echoed louder than the clinking of utensils. Family, the heart of happiness. #FamilyDinner #SeniorHost ", Contentment ,04-07-2023 17:00, FamilyHostSenior , Instagram , #HeartwarmingMoments #SeniorFamily ,35,70, USA,2023,7,4,17
"Started a book club for seniors, where discussions are as lively as the characters in the novels. #BookClub #SeniorReaders ", Joy ,07-07-2023 19:45, SeniorBookClub , Instagram , #BookishTalks #SeniorBookworms ,22,45, UK,2023,7,7,19
"Embarked on a hiking adventure, conquering trails and relishing the beauty of nature. Age is just a number on the mountaintop. #HikingAdventure #SeniorHiker ", Excitement ,10-07-2023 14:20, SeniorHikerExplorer , Instagram , #NatureTrailBlazer #SeniorExplorer ,28,55, UK,2023,7,10,14
"Attended a wine tasting event, savoring the richness of flavors that age like fine wine. Cheers to the golden years! #WineTasting #SeniorWineLover ", Joy ,13-07-2023 20:00, SeniorWineConnoisseur , Instagram , #AgedToPerfection #SeniorCheers ,35,70, UK,2023,7,13,20
"Hosted a 'memory lane' evening with old friends, reminiscing about the adventures that shaped our lives. #MemoryLane #SeniorReminiscing ", Gratitude ,16-07-2023 14:00, SeniorMemoriesHost , Instagram , #FriendshipAdventures #SeniorNostalgia ,30,60, USA,2023,7,16,14
"Started a blog sharing the wisdom gained through the years, proving that every day is a chance to learn and grow. #SeniorWisdom #Blog ", Gratitude ,19-07-2023 19:45, WisdomBloggerSenior , Instagram , #LifeLessons #SeniorBlog ,22,45, UK,2023,7,19,19
"Survived a challenging physics exam. Equations, you won't defeat me! ", Relief ,01-08-2023 13:30, PhysicsWhizHighSchool , Instagram , #PhysicsSurvivor #HighSchoolAdventures ,20,40, USA,2023,8,1,13
"Started a photography club at school. Capturing moments, one snapshot at a time! ", Joy ,04-08-2023 16:30, PhotoClubHighSchool , Instagram , #PhotographyClub #HighSchoolPhotographer ,22,45, USA,2023,8,4,16
"Accidentally spilled paint in art class. Abstract art, right? #ArtClassAdventures #HighSchoolArtist ", Embarrassed ,07-08-2023 19:45, PaintSpillHighSchool , Instagram , #ArtisticMishaps #HighSchoolArt ,22,45, UK,2023,8,7,19
Spent hours perfecting a chemistry experiment. Mixing potions like a wizard! , Joy ,10-08-2023 14:20, ChemistryWizardHighSchool , Instagram , #ChemistryWizard #HighSchoolScientist ,28,55, UK,2023,8,10,14
Got my hands on the latest fantasy novel. Diving into realms of magic and adventure! , Excitement ,13-08-2023 20:00, FantasyBookNerdHighSchool , Instagram , #FantasyBookNerd #HighSchoolReader ,35,70, UK,2023,8,13,20
Sneaking snacks into class like a pro. The art of snack-smuggling is a sacred skill! , Mischievous ,16-08-2023 14:00, SnackSmugglerHighSchool , Instagram , #SnackSmuggler #HighSchoolSnacks ,30,60, USA,2023,8,16,14
Accidentally liked my crush's old photo while stalking their profile. Awkward level: Maximum! , Embarrassed ,19-08-2023 19:45, SocialMediaBlunderHighSchool , Instagram , #SocialMediaBlunder #HighSchoolAwkward ,22,45, UK,2023,8,19,19
Mastered the art of creating paper airplanes during lecture. Paper planes: Soaring to new heights! , Joy ,21-08-2023 15:45, PaperPlaneExpertHighSchool , Instagram , #PaperPlaneExpert #HighSchoolArt ,15,30, USA,2023,8,21,15
Planning a surprise scavenger hunt for friends. Anticipating the thrill and excitement! , Excitement ,24-08-2023 18:20, ScavengerHuntMasterHighSchool , Instagram , #SurpriseAdventure #HighSchoolFun ,20,38, UK,2023,8,24,18
Tried a magic trick to impress classmates. Magic fail: Where did that rabbit go? , Embarrassed ,27-08-2023 20:45, MagicFailHighSchool , Instagram , #MagicFail #HighSchoolMagic ,22,45, UK,2023,8,27,20
Attempting to set a new record for the most consecutive hacky sack kicks. Hacky sack skills: Unleashed! , Excitement ,29-08-2023 13:45, HackySackChampionHighSchool , Instagram , #HackySackChallenge #HighSchoolAthlete ,26,48, Canada,2023,8,29,13
Practicing a stand-up comedy routine for the upcoming talent show. Comedy gig: In the making! , Joy ,01-09-2023 14:45, ComedyGeniusHighSchool , Instagram , #StandUpComedy #HighSchoolTalent ,21,39, Canada,2023,9,1,14
Crafting intricate friendship bracelets for the whole squad. Friendship level: Expert weaver! , Joy ,04-09-2023 15:15, BraceletCraftsmanHighSchool , Instagram , #FriendshipBracelets #HighSchoolCrafts ,19,37, USA,2023,9,4,15
Experimenting with a new hair color. A bold change for a bold semester! , Excitement ,07-09-2023 18:20, HairColorExperimentHighSchool , Instagram , #HairExperiment #HighSchoolStyle ,20,39, USA,2023,9,7,18
Trying out a new smoothie recipe for a healthy start to the week. Smoothie enthusiast: Level up! , Excitement ,10-09-2023 20:45, SmoothieConnoisseurHighSchool , Instagram , #HealthyLiving #HighSchoolWellness ,23,42, UK,2023,9,10,20
Encountered some mean-spirited comments online. Dealing with online hate is never easy. , Hate ,12-09-2023 12:30, DealingWithHateHighSchool , Instagram , #OnlineHate #HighSchoolReality ,18,36, Canada,2023,9,12,12
Witnessed a heated argument in the cafeteria. Unpleasant atmosphere at lunch. , Hate ,15-09-2023 14:15, CafeteriaConflictHighSchool , Instagram , #CafeteriaDrama #HighSchoolTension ,21,41, Canada,2023,9,15,14
Feeling lonely on a Saturday night. Sometimes solitude hits harder than expected. , Sad ,18-09-2023 22:00, LonelySaturdayHighSchool , Instagram , #LonelyNights #HighSchoolEmotions ,16,31, Canada,2023,9,18,22
Missing an important event due to unforeseen circumstances. A day filled with sadness. , Sad ,21-09-2023 16:45, MissedOpportunityHighSchool , Instagram , #MissedChances #HighSchoolRegret ,20,39, Canada,2023,9,21,16
Feeling a sense of emptiness after a close friend moves away. Farewells are always sad. , Sad ,24-09-2023 17:30, FriendMovingAwayHighSchool , Instagram , #SayingGoodbye #HighSchoolEmotions ,21,42, Canada,2023,9,24,17
Having a bad hair day and feeling self-conscious. Bad hair days can affect confidence. , Bad ,27-09-2023 17:30, BadHairDayBluesHighSchool , Instagram , #BadHairDay #HighSchoolConfidence ,18,36, Canada,2023,9,27,17
Having a string of bad luck with constant technology malfunctions. Tech troubles galore! , Bad ,30-09-2023 18:20, TechMalfunctionWoesHighSchool , Instagram , #TechIssues #HighSchoolTech ,22,43, Canada,2023,9,30,18
Trying out a new study technique for upcoming exams. Exploring different learning strategies. , Neutral ,02-10-2023 16:45, StudyTechniqueExperimentHighSchool , Instagram , #StudyStrategies #HighSchoolExams ,23,42, USA,2023,10,2,16
Experimenting with a new recipe for a school bake sale. Baking adventures in the kitchen. , Neutral ,05-10-2023 14:15, BakeSaleRecipeExperimentHighSchool , Instagram , #BakingAdventures #HighSchoolBakes ,21,43, USA,2023,10,5,14
Attending a school club meeting to explore new interests. Dabbling in extracurricular activities. , Neutral ,07-10-2023 20:45, ExtracurricularExplorationHighSchool , Instagram , #SchoolClubs #HighSchoolInterests ,22,45, UK,2023,10,7,20
Exploring a new hobby of photography during free time. Capturing moments through a lens. , Neutral ,10-10-2023 14:15, PhotographyHobbyHighSchool , Instagram , #PhotographyJourney #HighSchoolHobbies ,25,49, UK,2023,10,10,14
Volunteering at a local charity event to give back to the community. Contributing to social causes. , Neutral ,13-10-2023 12:30, CharityEventVolunteerHighSchool , Instagram , #CommunityService #HighSchoolVolunteer ,20,39, UK,2023,10,13,12
Celebrating a friend's birthday with a surprise party. Joyful moments and laughter all around! , Happy ,16-10-2023 15:45, BirthdaySurpriseHighSchool , Instagram , #SurpriseParty #HighSchoolCelebration ,27,52, UK,2023,10,16,15
"Exploring a new hiking trail with friends over the weekend. Nature, laughter, and good vibes! ", Happy ,19-10-2023 18:20, WeekendHikeHighSchool , Instagram , #NatureAdventures #HighSchoolFriends ,21,42, UK,2023,10,19,18
Creating a beautiful mural with fellow art enthusiasts. The power of collaboration and creativity! , Happy ,22-10-2023 20:45, MuralCreationHighSchool , Instagram , #ArtCollaboration #HighSchoolCreativity ,22,43, UK,2023,10,22,20
Participating in a school-wide art exhibition. Witnessing creativity and spreading positive vibes! , Happy ,10-11-2015 16:45, ArtExhibitionJoyHighSchool , Instagram , #ArtisticExpression #HighSchoolCreativity ,23,44, USA,2015,11,10,16
"Attending a surprise birthday party organized by friends. Surrounded by love, laughter, and good company! ", Happy ,22-06-2018 14:15, BirthdayPartyJoyHighSchool , Instagram , #SurpriseCelebration #HighSchoolFriendship ,25,48, USA,2018,6,22,14
"Organizing a virtual talent show during challenging times, bringing smiles to classmates' faces! ", Happy ,15-11-2020 15:15, VirtualTalentShowSuccessHighSchool , Instagram , #VirtualEntertainment #HighSchoolPositivity ,24,47, USA,2020,11,15,15
